FeaturalConsistencyType,matchType,shape_A_pre_ind,shape_A_test_ind,shape_B_pre_ind,shape_B_test_ind,ball_A_vertical,ball_B_vertical,ball_A_mode_pre,ball_B_mode_pre,ball_A_mode_post,ball_B_mode_post,ball_A_mode_pre_code,ball_B_mode_pre_code,ball_A_mode_post_code,ball_B_mode_post_code,responseC,browser,subjectID,startTime,endTime,reactTime
inconsistent_2,new,4,4,1,3,50,-50,color_static,orient,color_static,freq,3,2,4,1,0,Chrome,955086367,Fri Nov 21 2025 14:40:38 GMT-0500 (Eastern Standard Time),Fri Nov 21 2025 14:40:46 GMT-0500 (Eastern Standard Time),3121
inconsistent_1,same_swap,0,3,3,0,50,-50,color_static,freq,color_static,orient,3,1,3,2,0,Chrome,955086367,Fri Nov 21 2025 14:40:47 GMT-0500 (Eastern Standard Time),Fri Nov 21 2025 14:40:52 GMT-0500 (Eastern Standard Time),1138
inconsistent_1,new,2,4,1,1,50,-50,orient,color_static,freq,color_static,2,3,1,3,0,Chrome,955086367,Fri Nov 21 2025 14:40:54 GMT-0500 (Eastern Standard Time),Fri Nov 21 2025 14:41:01 GMT-0500 (Eastern Standard Time),1232
inconsistent_1,new,2,3,4,4,50,-50,color_static,orient,color_static,freq,3,2,3,1,0,Chrome,955086367,Fri Nov 21 2025 14:41:02 GMT-0500 (Eastern Standard Time),Fri Nov 21 2025 14:41:08 GMT-0500 (Eastern Standard Time),1059
inconsistent_2,same_swap,3,2,2,3,-50,50,orient,color_static,freq,color_static,2,3,1,4,1,Chrome,955086367,Fri Nov 21 2025 14:41:08 GMT-0500 (Eastern Standard Time),Fri Nov 21 2025 14:41:14 GMT-0500 (Eastern Standard Time),1738
consistent,same,1,1,0,0,-50,50,orient,color_static,orient,color_static,2,3,2,3,1,Chrome,955086367,Fri Nov 21 2025 14:41:15 GMT-0500 (Eastern Standard Time),Fri Nov 21 2025 14:41:21 GMT-0500 (Eastern Standard Time),1227
inconsistent_1,new,0,0,4,2,-50,50,orient,color_static,orient,color_static,2,4,2,3,1,Chrome,955086367,Fri Nov 21 2025 14:41:21 GMT-0500 (Eastern Standard Time),Fri Nov 21 2025 14:41:28 GMT-0500 (Eastern Standard Time),1810
inconsistent_1,new,3,1,0,0,50,-50,orient,color_static,orient,color_static,2,4,2,3,0,Chrome,955086367,Fri Nov 21 2025 14:41:29 GMT-0500 (Eastern Standard Time),Fri Nov 21 2025 14:41:35 GMT-0500 (Eastern Standard Time),1661
inconsistent_1,same_swap,1,3,3,1,-50,50,color_static,orient,color_static,orient,3,2,4,2,0,Chrome,955086367,Fri Nov 21 2025 14:41:35 GMT-0500 (Eastern Standard Time),Fri Nov 21 2025 14:41:41 GMT-0500 (Eastern Standard Time),667
consistent,same_swap,4,1,1,4,50,-50,color_static,freq,color_static,freq,4,1,4,1,0,Chrome,955086367,Fri Nov 21 2025 14:41:41 GMT-0500 (Eastern Standard Time),Fri Nov 21 2025 14:41:47 GMT-0500 (Eastern Standard Time),906
inconsistent_1,same_swap,2,4,4,2,-50,50,color_static,freq,color_static,freq,3,1,4,1,0,Chrome,955086367,Fri Nov 21 2025 14:41:47 GMT-0500 (Eastern Standard Time),Fri Nov 21 2025 14:41:52 GMT-0500 (Eastern Standard Time),701
inconsistent_1,new,3,3,0,2,50,-50,color_static,orient,color_static,freq,3,2,3,1,0,Chrome,955086367,Fri Nov 21 2025 14:41:53 GMT-0500 (Eastern Standard Time),Fri Nov 21 2025 14:41:59 GMT-0500 (Eastern Standard Time),1199
inconsistent_2,same_swap,3,1,1,3,50,-50,freq,color_static,orient,color_static,1,4,2,3,1,Chrome,955086367,Fri Nov 21 2025 14:42:39 GMT-0500 (Eastern Standard Time),Fri Nov 21 2025 14:42:45 GMT-0500 (Eastern Standard Time),1762
inconsistent_1,new,3,3,0,1,50,-50,color_static,freq,color_static,orient,3,1,3,2,1,Chrome,955086367,Fri Nov 21 2025 14:42:46 GMT-0500 (Eastern Standard Time),Fri Nov 21 2025 14:42:52 GMT-0500 (Eastern Standard Time),992
inconsistent_1,same_swap,0,4,4,0,50,-50,freq,color_static,orient,color_static,1,3,2,3,1,Chrome,955086367,Fri Nov 21 2025 14:42:52 GMT-0500 (Eastern Standard Time),Fri Nov 21 2025 14:42:58 GMT-0500 (Eastern Standard Time),1132
inconsistent_1,same,1,1,3,3,50,-50,freq,color_static,freq,color_static,1,3,1,4,1,Chrome,955086367,Fri Nov 21 2025 14:42:58 GMT-0500 (Eastern Standard Time),Fri Nov 21 2025 14:43:04 GMT-0500 (Eastern Standard Time),1162
inconsistent_1,same_swap,3,2,2,3,50,-50,freq,color_static,orient,color_static,1,3,2,3,1,Chrome,955086367,Fri Nov 21 2025 14:43:05 GMT-0500 (Eastern Standard Time),Fri Nov 21 2025 14:43:11 GMT-0500 (Eastern Standard Time),2122
inconsistent_1,new,3,3,2,1,-50,50,orient,color_static,freq,color_static,2,3,1,3,1,Chrome,955086367,Fri Nov 21 2025 14:43:28 GMT-0500 (Eastern Standard Time),Fri Nov 21 2025 14:43:34 GMT-0500 (Eastern Standard Time),1124
inconsistent_1,same_swap,0,3,3,0,50,-50,color_static,freq,color_static,orient,4,1,4,2,1,Chrome,955086367,Fri Nov 21 2025 14:43:35 GMT-0500 (Eastern Standard Time),Fri Nov 21 2025 14:43:43 GMT-0500 (Eastern Standard Time),3823
inconsistent_1,same,0,0,2,2,-50,50,color_static,orient,color_static,freq,3,2,3,1,1,Chrome,955086367,Fri Nov 21 2025 14:43:44 GMT-0500 (Eastern Standard Time),Fri Nov 21 2025 14:43:50 GMT-0500 (Eastern Standard Time),1482
consistent,same,1,1,2,2,50,-50,color_static,freq,color_static,freq,4,1,4,1,1,Chrome,955086367,Fri Nov 21 2025 14:43:51 GMT-0500 (Eastern Standard Time),Fri Nov 21 2025 14:43:57 GMT-0500 (Eastern Standard Time),1176
consistent,new,3,3,2,4,-50,50,orient,color_static,orient,color_static,2,4,2,4,0,Chrome,955086367,Fri Nov 21 2025 14:43:58 GMT-0500 (Eastern Standard Time),Fri Nov 21 2025 14:44:04 GMT-0500 (Eastern Standard Time),1479
consistent,same_swap,1,2,2,1,-50,50,color_static,orient,color_static,orient,3,2,3,2,1,Chrome,955086367,Fri Nov 21 2025 14:44:04 GMT-0500 (Eastern Standard Time),Fri Nov 21 2025 14:44:10 GMT-0500 (Eastern Standard Time),1096
inconsistent_2,same_swap,3,1,1,3,50,-50,color_static,freq,color_static,orient,4,1,3,2,1,Chrome,955086367,Fri Nov 21 2025 14:44:11 GMT-0500 (Eastern Standard Time),Fri Nov 21 2025 14:44:17 GMT-0500 (Eastern Standard Time),1684
inconsistent_1,same_swap,3,0,0,3,50,-50,color_static,orient,color_static,freq,4,2,4,1,1,Chrome,955086367,Fri Nov 21 2025 14:44:17 GMT-0500 (Eastern Standard Time),Fri Nov 21 2025 14:44:23 GMT-0500 (Eastern Standard Time),1483
inconsistent_1,same,3,3,4,4,-50,50,color_static,freq,color_static,orient,3,1,3,2,1,Chrome,955086367,Fri Nov 21 2025 14:44:24 GMT-0500 (Eastern Standard Time),Fri Nov 21 2025 14:44:30 GMT-0500 (Eastern Standard Time),1167
inconsistent_1,new,1,0,3,3,-50,50,freq,color_static,orient,color_static,1,4,2,4,0,Chrome,955086367,Fri Nov 21 2025 14:44:30 GMT-0500 (Eastern Standard Time),Fri Nov 21 2025 14:44:36 GMT-0500 (Eastern Standard Time),1515
inconsistent_2,same,3,3,1,1,50,-50,color_static,orient,color_static,freq,4,2,3,1,1,Chrome,955086367,Fri Nov 21 2025 14:44:37 GMT-0500 (Eastern Standard Time),Fri Nov 21 2025 14:44:43 GMT-0500 (Eastern Standard Time),1826
inconsistent_1,new,1,0,2,2,-50,50,orient,color_static,freq,color_static,2,4,1,4,1,Chrome,955086367,Fri Nov 21 2025 14:44:43 GMT-0500 (Eastern Standard Time),Fri Nov 21 2025 14:44:49 GMT-0500 (Eastern Standard Time),1330
inconsistent_1,same_swap,2,3,3,2,-50,50,orient,color_static,orient,color_static,2,3,2,4,1,Chrome,955086367,Fri Nov 21 2025 14:44:50 GMT-0500 (Eastern Standard Time),Fri Nov 21 2025 14:44:56 GMT-0500 (Eastern Standard Time),1284
consistent,same_swap,4,0,0,4,-50,50,color_static,orient,color_static,orient,4,2,4,2,1,Chrome,955086367,Fri Nov 21 2025 14:44:56 GMT-0500 (Eastern Standard Time),Fri Nov 21 2025 14:45:03 GMT-0500 (Eastern Standard Time),1670
consistent,same_swap,3,1,1,3,50,-50,orient,color_static,orient,color_static,2,4,2,4,1,Chrome,955086367,Fri Nov 21 2025 14:45:03 GMT-0500 (Eastern Standard Time),Fri Nov 21 2025 14:45:09 GMT-0500 (Eastern Standard Time),1178
inconsistent_1,new,1,1,0,2,50,-50,orient,color_static,freq,color_static,2,4,1,4,0,Chrome,955086367,Fri Nov 21 2025 14:45:09 GMT-0500 (Eastern Standard Time),Fri Nov 21 2025 14:45:15 GMT-0500 (Eastern Standard Time),1192
inconsistent_1,new,1,1,4,2,50,-50,color_static,freq,color_static,orient,4,1,4,2,0,Chrome,955086367,Fri Nov 21 2025 14:45:16 GMT-0500 (Eastern Standard Time),Fri Nov 21 2025 14:45:21 GMT-0500 (Eastern Standard Time),931
consistent,same_swap,4,3,3,4,-50,50,color_static,freq,color_static,freq,3,1,3,1,1,Chrome,955086367,Fri Nov 21 2025 14:45:21 GMT-0500 (Eastern Standard Time),Fri Nov 21 2025 14:45:28 GMT-0500 (Eastern Standard Time),2086
inconsistent_2,same,2,2,1,1,-50,50,freq,color_static,orient,color_static,1,3,2,4,1,Chrome,955086367,Fri Nov 21 2025 14:45:28 GMT-0500 (Eastern Standard Time),Fri Nov 21 2025 14:45:34 GMT-0500 (Eastern Standard Time),1296
inconsistent_2,same_swap,4,0,0,4,-50,50,color_static,orient,color_static,freq,3,2,4,1,1,Chrome,955086367,Fri Nov 21 2025 14:45:34 GMT-0500 (Eastern Standard Time),Fri Nov 21 2025 14:45:40 GMT-0500 (Eastern Standard Time),696
consistent,new,4,3,0,0,50,-50,color_static,orient,color_static,orient,3,2,3,2,0,Chrome,955086367,Fri Nov 21 2025 14:45:40 GMT-0500 (Eastern Standard Time),Fri Nov 21 2025 14:45:45 GMT-0500 (Eastern Standard Time),629
inconsistent_1,new,1,1,2,0,50,-50,color_static,orient,color_static,orient,4,2,3,2,0,Chrome,955086367,Fri Nov 21 2025 14:45:45 GMT-0500 (Eastern Standard Time),Fri Nov 21 2025 14:45:51 GMT-0500 (Eastern Standard Time),1112
inconsistent_2,same,2,2,1,1,50,-50,orient,color_static,freq,color_static,2,3,1,4,1,Chrome,955086367,Fri Nov 21 2025 14:45:51 GMT-0500 (Eastern Standard Time),Fri Nov 21 2025 14:45:57 GMT-0500 (Eastern Standard Time),1683
inconsistent_1,new,2,2,0,4,-50,50,color_static,orient,color_static,freq,3,2,3,1,0,Chrome,955086367,Fri Nov 21 2025 14:45:57 GMT-0500 (Eastern Standard Time),Fri Nov 21 2025 14:46:03 GMT-0500 (Eastern Standard Time),1401
inconsistent_2,new,2,0,1,1,-50,50,color_static,orient,color_static,freq,3,2,4,1,0,Chrome,955086367,Fri Nov 21 2025 14:46:03 GMT-0500 (Eastern Standard Time),Fri Nov 21 2025 14:46:09 GMT-0500 (Eastern Standard Time),1486
inconsistent_1,new,0,4,3,3,-50,50,color_static,orient,color_static,orient,3,2,4,2,0,Chrome,955086367,Fri Nov 21 2025 14:46:09 GMT-0500 (Eastern Standard Time),Fri Nov 21 2025 14:46:16 GMT-0500 (Eastern Standard Time),2026
inconsistent_2,new,4,3,1,1,50,-50,orient,color_static,freq,color_static,2,3,1,4,0,Chrome,955086367,Fri Nov 21 2025 14:46:16 GMT-0500 (Eastern Standard Time),Fri Nov 21 2025 14:46:22 GMT-0500 (Eastern Standard Time),1244
inconsistent_2,same_swap,3,0,0,3,-50,50,freq,color_static,orient,color_static,1,4,2,3,1,Chrome,955086367,Fri Nov 21 2025 14:46:22 GMT-0500 (Eastern Standard Time),Fri Nov 21 2025 14:46:28 GMT-0500 (Eastern Standard Time),1004
consistent,new,2,0,3,3,50,-50,color_static,orient,color_static,orient,4,2,4,2,0,Chrome,955086367,Fri Nov 21 2025 14:46:28 GMT-0500 (Eastern Standard Time),Fri Nov 21 2025 14:46:33 GMT-0500 (Eastern Standard Time),975
inconsistent_1,same,0,0,1,1,-50,50,color_static,freq,color_static,freq,3,1,4,1,1,Chrome,955086367,Fri Nov 21 2025 14:46:34 GMT-0500 (Eastern Standard Time),Fri Nov 21 2025 14:46:39 GMT-0500 (Eastern Standard Time),1134
inconsistent_1,same,1,1,2,2,50,-50,color_static,orient,color_static,freq,4,2,4,1,1,Chrome,955086367,Fri Nov 21 2025 14:46:48 GMT-0500 (Eastern Standard Time),Fri Nov 21 2025 14:46:55 GMT-0500 (Eastern Standard Time),1738
consistent,new,4,4,0,3,50,-50,color_static,freq,color_static,freq,3,1,3,1,0,Chrome,955086367,Fri Nov 21 2025 14:46:55 GMT-0500 (Eastern Standard Time),Fri Nov 21 2025 14:47:00 GMT-0500 (Eastern Standard Time),719
consistent,same,4,4,0,0,-50,50,orient,color_static,orient,color_static,2,3,2,3,1,Chrome,955086367,Fri Nov 21 2025 14:47:00 GMT-0500 (Eastern Standard Time),Fri Nov 21 2025 14:47:06 GMT-0500 (Eastern Standard Time),957
inconsistent_1,same_swap,3,1,1,3,50,-50,color_static,freq,color_static,freq,4,1,3,1,1,Chrome,955086367,Fri Nov 21 2025 14:47:06 GMT-0500 (Eastern Standard Time),Fri Nov 21 2025 14:47:12 GMT-0500 (Eastern Standard Time),1229
consistent,same,1,1,3,3,-50,50,orient,color_static,orient,color_static,2,4,2,4,1,Chrome,955086367,Fri Nov 21 2025 14:47:12 GMT-0500 (Eastern Standard Time),Fri Nov 21 2025 14:47:18 GMT-0500 (Eastern Standard Time),1422
inconsistent_1,same,3,3,4,4,-50,50,color_static,orient,color_static,freq,3,2,3,1,1,Chrome,955086367,Fri Nov 21 2025 14:47:18 GMT-0500 (Eastern Standard Time),Fri Nov 21 2025 14:47:24 GMT-0500 (Eastern Standard Time),1330
inconsistent_2,same_swap,4,2,2,4,50,-50,color_static,orient,color_static,freq,4,2,3,1,1,Chrome,955086367,Fri Nov 21 2025 14:47:24 GMT-0500 (Eastern Standard Time),Fri Nov 21 2025 14:47:30 GMT-0500 (Eastern Standard Time),949
inconsistent_2,new,4,0,1,1,50,-50,color_static,orient,color_static,freq,3,2,4,1,0,Chrome,955086367,Fri Nov 21 2025 14:47:30 GMT-0500 (Eastern Standard Time),Fri Nov 21 2025 14:47:36 GMT-0500 (Eastern Standard Time),1230
inconsistent_1,new,0,1,3,3,50,-50,color_static,freq,color_static,freq,3,1,4,1,0,Chrome,955086367,Fri Nov 21 2025 14:47:36 GMT-0500 (Eastern Standard Time),Fri Nov 21 2025 14:47:41 GMT-0500 (Eastern Standard Time),1023
inconsistent_1,same_swap,2,1,1,2,50,-50,orient,color_static,orient,color_static,2,4,2,3,1,Chrome,955086367,Fri Nov 21 2025 14:47:41 GMT-0500 (Eastern Standard Time),Fri Nov 21 2025 14:47:47 GMT-0500 (Eastern Standard Time),1115
inconsistent_2,new,1,1,2,3,-50,50,color_static,freq,color_static,orient,3,1,4,2,1,Chrome,955086367,Fri Nov 21 2025 14:47:47 GMT-0500 (Eastern Standard Time),Fri Nov 21 2025 14:47:52 GMT-0500 (Eastern Standard Time),608
inconsistent_1,new,0,0,3,4,-50,50,color_static,orient,color_static,orient,4,2,3,2,0,Chrome,955086367,Fri Nov 21 2025 14:47:54 GMT-0500 (Eastern Standard Time),Fri Nov 21 2025 14:48:00 GMT-0500 (Eastern Standard Time),1227
inconsistent_2,new,2,2,1,4,-50,50,color_static,orient,color_static,freq,4,2,3,1,0,Chrome,955086367,Fri Nov 21 2025 14:48:00 GMT-0500 (Eastern Standard Time),Fri Nov 21 2025 14:48:07 GMT-0500 (Eastern Standard Time),1751
consistent,new,4,4,0,1,50,-50,freq,color_static,freq,color_static,1,3,1,3,0,Chrome,955086367,Fri Nov 21 2025 14:48:07 GMT-0500 (Eastern Standard Time),Fri Nov 21 2025 14:48:14 GMT-0500 (Eastern Standard Time),2453
inconsistent_1,new,2,3,0,0,-50,50,color_static,freq,color_static,orient,4,1,4,2,0,Chrome,955086367,Fri Nov 21 2025 14:48:15 GMT-0500 (Eastern Standard Time),Fri Nov 21 2025 14:48:21 GMT-0500 (Eastern Standard Time),1408
inconsistent_2,same_swap,4,2,2,4,50,-50,color_static,orient,color_static,freq,3,2,4,1,1,Chrome,955086367,Fri Nov 21 2025 14:48:56 GMT-0500 (Eastern Standard Time),Fri Nov 21 2025 14:49:01 GMT-0500 (Eastern Standard Time),862
consistent,same_swap,0,1,1,0,-50,50,color_static,orient,color_static,orient,4,2,4,2,1,Chrome,955086367,Fri Nov 21 2025 14:49:01 GMT-0500 (Eastern Standard Time),Fri Nov 21 2025 14:49:07 GMT-0500 (Eastern Standard Time),1275
inconsistent_1,same,2,2,0,0,-50,50,freq,color_static,freq,color_static,1,4,1,3,1,Chrome,955086367,Fri Nov 21 2025 14:49:08 GMT-0500 (Eastern Standard Time),Fri Nov 21 2025 14:49:13 GMT-0500 (Eastern Standard Time),1237
consistent,same,3,3,0,0,50,-50,color_static,orient,color_static,orient,4,2,4,2,1,Chrome,955086367,Fri Nov 21 2025 14:49:14 GMT-0500 (Eastern Standard Time),Fri Nov 21 2025 14:49:19 GMT-0500 (Eastern Standard Time),846
inconsistent_1,same_swap,0,1,1,0,50,-50,color_static,freq,color_static,orient,4,1,4,2,1,Chrome,955086367,Fri Nov 21 2025 14:49:19 GMT-0500 (Eastern Standard Time),Fri Nov 21 2025 14:49:25 GMT-0500 (Eastern Standard Time),1093
inconsistent_2,same_swap,2,1,1,2,-50,50,orient,color_static,freq,color_static,2,4,1,3,1,Chrome,955086367,Fri Nov 21 2025 14:49:25 GMT-0500 (Eastern Standard Time),Fri Nov 21 2025 14:49:30 GMT-0500 (Eastern Standard Time),853
consistent,same,0,0,2,2,-50,50,orient,color_static,orient,color_static,2,4,2,4,1,Chrome,955086367,Fri Nov 21 2025 14:49:30 GMT-0500 (Eastern Standard Time),Fri Nov 21 2025 14:49:36 GMT-0500 (Eastern Standard Time),763
inconsistent_1,new,4,2,0,0,50,-50,freq,color_static,orient,color_static,1,3,2,3,1,Chrome,955086367,Fri Nov 21 2025 14:49:36 GMT-0500 (Eastern Standard Time),Fri Nov 21 2025 14:49:41 GMT-0500 (Eastern Standard Time),853
inconsistent_1,new,3,3,1,2,50,-50,freq,color_static,orient,color_static,1,3,2,3,0,Chrome,955086367,Fri Nov 21 2025 14:50:04 GMT-0500 (Eastern Standard Time),Fri Nov 21 2025 14:50:10 GMT-0500 (Eastern Standard Time),1960
consistent,same_swap,0,3,3,0,-50,50,freq,color_static,freq,color_static,1,3,1,3,1,Chrome,955086367,Fri Nov 21 2025 14:50:11 GMT-0500 (Eastern Standard Time),Fri Nov 21 2025 14:50:17 GMT-0500 (Eastern Standard Time),1165
inconsistent_2,same_swap,1,2,2,1,50,-50,color_static,freq,color_static,orient,4,1,3,2,1,Chrome,955086367,Fri Nov 21 2025 14:50:17 GMT-0500 (Eastern Standard Time),Fri Nov 21 2025 14:50:23 GMT-0500 (Eastern Standard Time),1397
inconsistent_1,new,1,1,0,2,-50,50,orient,color_static,orient,color_static,2,3,2,4,0,Chrome,955086367,Fri Nov 21 2025 14:50:23 GMT-0500 (Eastern Standard Time),Fri Nov 21 2025 14:50:30 GMT-0500 (Eastern Standard Time),2126
inconsistent_1,new,1,3,4,4,-50,50,color_static,orient,color_static,orient,3,2,4,2,0,Chrome,955086367,Fri Nov 21 2025 14:50:30 GMT-0500 (Eastern Standard Time),Fri Nov 21 2025 14:50:36 GMT-0500 (Eastern Standard Time),895
inconsistent_1,new,2,2,3,1,-50,50,color_static,freq,color_static,orient,3,1,3,2,1,Chrome,955086367,Fri Nov 21 2025 14:50:36 GMT-0500 (Eastern Standard Time),Fri Nov 21 2025 14:50:42 GMT-0500 (Eastern Standard Time),1324
inconsistent_1,new,2,2,3,0,50,-50,freq,color_static,orient,color_static,1,4,2,4,0,Chrome,955086367,Fri Nov 21 2025 14:50:43 GMT-0500 (Eastern Standard Time),Fri Nov 21 2025 14:50:48 GMT-0500 (Eastern Standard Time),1093
inconsistent_1,same_swap,2,4,4,2,-50,50,orient,color_static,freq,color_static,2,3,1,3,1,Chrome,955086367,Fri Nov 21 2025 14:50:49 GMT-0500 (Eastern Standard Time),Fri Nov 21 2025 14:50:55 GMT-0500 (Eastern Standard Time),1369
inconsistent_2,new,1,1,3,2,50,-50,freq,color_static,orient,color_static,1,4,2,3,0,Chrome,955086367,Fri Nov 21 2025 14:50:55 GMT-0500 (Eastern Standard Time),Fri Nov 21 2025 14:51:01 GMT-0500 (Eastern Standard Time),1561
inconsistent_2,new,0,2,1,1,-50,50,orient,color_static,freq,color_static,2,4,1,3,0,Chrome,955086367,Fri Nov 21 2025 14:51:01 GMT-0500 (Eastern Standard Time),Fri Nov 21 2025 14:51:09 GMT-0500 (Eastern Standard Time),3157
inconsistent_1,new,4,3,0,0,50,-50,color_static,freq,color_static,freq,3,1,4,1,0,Chrome,955086367,Fri Nov 21 2025 14:51:10 GMT-0500 (Eastern Standard Time),Fri Nov 21 2025 14:51:15 GMT-0500 (Eastern Standard Time),969
consistent,new,3,3,4,1,-50,50,color_static,orient,color_static,orient,3,2,3,2,0,Chrome,955086367,Fri Nov 21 2025 14:51:15 GMT-0500 (Eastern Standard Time),Fri Nov 21 2025 14:51:21 GMT-0500 (Eastern Standard Time),1342
inconsistent_1,same,1,1,0,0,-50,50,orient,color_static,freq,color_static,2,3,1,3,1,Chrome,955086367,Fri Nov 21 2025 14:51:21 GMT-0500 (Eastern Standard Time),Fri Nov 21 2025 14:51:27 GMT-0500 (Eastern Standard Time),1286
inconsistent_2,same_swap,0,4,4,0,-50,50,freq,color_static,orient,color_static,1,3,2,4,1,Chrome,955086367,Fri Nov 21 2025 14:51:27 GMT-0500 (Eastern Standard Time),Fri Nov 21 2025 14:51:33 GMT-0500 (Eastern Standard Time),1246
inconsistent_1,same_swap,2,3,3,2,50,-50,color_static,freq,color_static,freq,4,1,3,1,1,Chrome,955086367,Fri Nov 21 2025 14:51:33 GMT-0500 (Eastern Standard Time),Fri Nov 21 2025 14:51:39 GMT-0500 (Eastern Standard Time),1491
inconsistent_1,new,1,2,4,4,50,-50,color_static,freq,color_static,orient,3,1,3,2,0,Chrome,955086367,Fri Nov 21 2025 14:52:07 GMT-0500 (Eastern Standard Time),Fri Nov 21 2025 14:52:13 GMT-0500 (Eastern Standard Time),1063
inconsistent_1,same_swap,1,2,2,1,-50,50,color_static,orient,color_static,freq,3,2,3,1,1,Chrome,955086367,Fri Nov 21 2025 14:52:13 GMT-0500 (Eastern Standard Time),Fri Nov 21 2025 14:52:19 GMT-0500 (Eastern Standard Time),1061
inconsistent_2,new,3,3,2,4,50,-50,color_static,freq,color_static,orient,3,1,4,2,0,Chrome,955086367,Fri Nov 21 2025 14:52:19 GMT-0500 (Eastern Standard Time),Fri Nov 21 2025 14:52:25 GMT-0500 (Eastern Standard Time),817
consistent,new,2,1,3,3,50,-50,freq,color_static,freq,color_static,1,3,1,3,0,Chrome,955086367,Fri Nov 21 2025 14:52:25 GMT-0500 (Eastern Standard Time),Fri Nov 21 2025 14:52:31 GMT-0500 (Eastern Standard Time),1287
inconsistent_2,same,0,0,4,4,50,-50,freq,color_static,orient,color_static,1,4,2,3,0,Chrome,955086367,Fri Nov 21 2025 14:52:31 GMT-0500 (Eastern Standard Time),Fri Nov 21 2025 14:52:38 GMT-0500 (Eastern Standard Time),2380
inconsistent_1,new,3,3,4,0,50,-50,color_static,orient,color_static,freq,4,2,4,1,0,Chrome,955086367,Fri Nov 21 2025 14:52:38 GMT-0500 (Eastern Standard Time),Fri Nov 21 2025 14:52:44 GMT-0500 (Eastern Standard Time),1173
consistent,same_swap,1,2,2,1,-50,50,freq,color_static,freq,color_static,1,4,1,4,1,Chrome,955086367,Fri Nov 21 2025 14:52:44 GMT-0500 (Eastern Standard Time),Fri Nov 21 2025 14:52:51 GMT-0500 (Eastern Standard Time),1808
inconsistent_1,same_swap,1,3,3,1,-50,50,freq,color_static,orient,color_static,1,4,2,4,1,Chrome,955086367,Fri Nov 21 2025 14:52:51 GMT-0500 (Eastern Standard Time),Fri Nov 21 2025 14:52:57 GMT-0500 (Eastern Standard Time),1388
consistent,new,4,1,2,2,-50,50,color_static,orient,color_static,orient,3,2,3,2,0,Chrome,955086367,Fri Nov 21 2025 14:52:57 GMT-0500 (Eastern Standard Time),Fri Nov 21 2025 14:53:03 GMT-0500 (Eastern Standard Time),1820
inconsistent_2,new,1,3,2,2,-50,50,color_static,freq,color_static,orient,4,1,3,2,0,Chrome,955086367,Fri Nov 21 2025 14:53:03 GMT-0500 (Eastern Standard Time),Fri Nov 21 2025 14:53:09 GMT-0500 (Eastern Standard Time),1270
consistent,same,2,2,4,4,50,-50,freq,color_static,freq,color_static,1,3,1,3,1,Chrome,955086367,Fri Nov 21 2025 14:53:09 GMT-0500 (Eastern Standard Time),Fri Nov 21 2025 14:53:15 GMT-0500 (Eastern Standard Time),1347
consistent,new,4,0,3,3,50,-50,freq,color_static,freq,color_static,1,3,1,3,0,Chrome,955086367,Fri Nov 21 2025 14:53:16 GMT-0500 (Eastern Standard Time),Fri Nov 21 2025 14:53:21 GMT-0500 (Eastern Standard Time),786
inconsistent_1,same,0,0,1,1,-50,50,color_static,freq,color_static,freq,4,1,3,1,0,Chrome,955086367,Fri Nov 21 2025 14:53:23 GMT-0500 (Eastern Standard Time),Fri Nov 21 2025 14:53:29 GMT-0500 (Eastern Standard Time),1187
inconsistent_1,same_swap,4,2,2,4,-50,50,orient,color_static,freq,color_static,2,3,1,3,1,Chrome,955086367,Fri Nov 21 2025 14:53:30 GMT-0500 (Eastern Standard Time),Fri Nov 21 2025 14:53:35 GMT-0500 (Eastern Standard Time),1116
inconsistent_1,new,1,4,2,2,50,-50,freq,color_static,freq,color_static,1,4,1,3,0,Chrome,955086367,Fri Nov 21 2025 14:53:35 GMT-0500 (Eastern Standard Time),Fri Nov 21 2025 14:53:41 GMT-0500 (Eastern Standard Time),943
consistent,new,3,0,2,2,50,-50,orient,color_static,orient,color_static,2,4,2,4,0,Chrome,955086367,Fri Nov 21 2025 14:53:41 GMT-0500 (Eastern Standard Time),Fri Nov 21 2025 14:53:47 GMT-0500 (Eastern Standard Time),1186
inconsistent_2,new,1,0,3,3,-50,50,freq,color_static,orient,color_static,1,3,2,4,0,Chrome,955086367,Fri Nov 21 2025 14:53:47 GMT-0500 (Eastern Standard Time),Fri Nov 21 2025 14:53:53 GMT-0500 (Eastern Standard Time),1661
consistent,new,0,0,1,3,-50,50,freq,color_static,freq,color_static,1,4,1,4,0,Chrome,955086367,Fri Nov 21 2025 14:53:53 GMT-0500 (Eastern Standard Time),Fri Nov 21 2025 14:53:59 GMT-0500 (Eastern Standard Time),930
inconsistent_1,same,3,3,2,2,50,-50,color_static,orient,color_static,orient,3,2,4,2,0,Chrome,955086367,Fri Nov 21 2025 14:53:59 GMT-0500 (Eastern Standard Time),Fri Nov 21 2025 14:54:04 GMT-0500 (Eastern Standard Time),819
consistent,same,3,3,2,2,50,-50,color_static,orient,color_static,orient,3,2,3,2,1,Chrome,955086367,Fri Nov 21 2025 14:54:04 GMT-0500 (Eastern Standard Time),Fri Nov 21 2025 14:54:10 GMT-0500 (Eastern Standard Time),1339
consistent,same,1,1,2,2,-50,50,freq,color_static,freq,color_static,1,3,1,3,1,Chrome,955086367,Fri Nov 21 2025 14:54:11 GMT-0500 (Eastern Standard Time),Fri Nov 21 2025 14:54:17 GMT-0500 (Eastern Standard Time),1814
inconsistent_2,same,0,0,4,4,50,-50,orient,color_static,freq,color_static,2,4,1,3,1,Chrome,955086367,Fri Nov 21 2025 14:54:17 GMT-0500 (Eastern Standard Time),Fri Nov 21 2025 14:54:23 GMT-0500 (Eastern Standard Time),1106
inconsistent_2,new,2,2,1,4,50,-50,freq,color_static,orient,color_static,1,4,2,3,1,Chrome,955086367,Fri Nov 21 2025 14:54:23 GMT-0500 (Eastern Standard Time),Fri Nov 21 2025 14:54:28 GMT-0500 (Eastern Standard Time),734
inconsistent_1,same,1,1,3,3,50,-50,color_static,freq,color_static,freq,4,1,3,1,0,Chrome,955086367,Fri Nov 21 2025 14:54:29 GMT-0500 (Eastern Standard Time),Fri Nov 21 2025 14:54:35 GMT-0500 (Eastern Standard Time),814
inconsistent_1,new,2,3,0,0,-50,50,color_static,orient,color_static,orient,4,2,3,2,0,Chrome,955086367,Fri Nov 21 2025 14:54:35 GMT-0500 (Eastern Standard Time),Fri Nov 21 2025 14:54:41 GMT-0500 (Eastern Standard Time),1297
inconsistent_1,same_swap,4,2,2,4,50,-50,color_static,orient,color_static,orient,4,2,3,2,1,Chrome,955086367,Fri Nov 21 2025 14:54:41 GMT-0500 (Eastern Standard Time),Fri Nov 21 2025 14:54:46 GMT-0500 (Eastern Standard Time),874
consistent,same,1,1,3,3,50,-50,color_static,orient,color_static,orient,4,2,4,2,0,Chrome,955086367,Fri Nov 21 2025 14:54:46 GMT-0500 (Eastern Standard Time),Fri Nov 21 2025 14:55:17 GMT-0500 (Eastern Standard Time),25610
inconsistent_1,same,3,3,1,1,-50,50,freq,color_static,orient,color_static,1,3,2,3,1,Chrome,955086367,Fri Nov 21 2025 14:55:49 GMT-0500 (Eastern Standard Time),Fri Nov 21 2025 14:55:55 GMT-0500 (Eastern Standard Time),1336
inconsistent_1,same,1,1,2,2,50,-50,color_static,orient,color_static,orient,3,2,4,2,1,Chrome,955086367,Fri Nov 21 2025 14:55:56 GMT-0500 (Eastern Standard Time),Fri Nov 21 2025 14:56:02 GMT-0500 (Eastern Standard Time),1395
inconsistent_1,same,2,2,1,1,-50,50,freq,color_static,orient,color_static,1,3,2,3,1,Chrome,955086367,Fri Nov 21 2025 14:56:02 GMT-0500 (Eastern Standard Time),Fri Nov 21 2025 14:56:07 GMT-0500 (Eastern Standard Time),887
consistent,new,2,2,3,4,-50,50,color_static,orient,color_static,orient,3,2,3,2,0,Chrome,955086367,Fri Nov 21 2025 14:56:08 GMT-0500 (Eastern Standard Time),Fri Nov 21 2025 14:56:13 GMT-0500 (Eastern Standard Time),1067
inconsistent_1,same,4,4,1,1,-50,50,orient,color_static,freq,color_static,2,3,1,3,1,Chrome,955086367,Fri Nov 21 2025 14:56:13 GMT-0500 (Eastern Standard Time),Fri Nov 21 2025 14:56:19 GMT-0500 (Eastern Standard Time),1025
consistent,same,3,3,4,4,-50,50,color_static,orient,color_static,orient,3,2,3,2,0,Chrome,955086367,Fri Nov 21 2025 14:56:19 GMT-0500 (Eastern Standard Time),Fri Nov 21 2025 14:56:25 GMT-0500 (Eastern Standard Time),715
inconsistent_2,same_swap,0,3,3,0,50,-50,color_static,orient,color_static,freq,4,2,3,1,1,Chrome,955086367,Fri Nov 21 2025 14:56:25 GMT-0500 (Eastern Standard Time),Fri Nov 21 2025 14:56:31 GMT-0500 (Eastern Standard Time),1406
inconsistent_1,new,0,0,3,4,-50,50,orient,color_static,orient,color_static,2,3,2,4,0,Chrome,955086367,Fri Nov 21 2025 14:56:31 GMT-0500 (Eastern Standard Time),Fri Nov 21 2025 14:56:37 GMT-0500 (Eastern Standard Time),1069
consistent,new,2,2,4,3,50,-50,color_static,freq,color_static,freq,4,1,4,1,0,Chrome,955086367,Fri Nov 21 2025 14:56:37 GMT-0500 (Eastern Standard Time),Fri Nov 21 2025 14:56:43 GMT-0500 (Eastern Standard Time),1481
inconsistent_2,new,1,1,2,3,50,-50,orient,color_static,freq,color_static,2,4,1,3,0,Chrome,955086367,Fri Nov 21 2025 14:56:43 GMT-0500 (Eastern Standard Time),Fri Nov 21 2025 14:56:49 GMT-0500 (Eastern Standard Time),1002
inconsistent_1,same_swap,3,1,1,3,-50,50,color_static,freq,color_static,freq,3,1,4,1,1,Chrome,955086367,Fri Nov 21 2025 14:56:49 GMT-0500 (Eastern Standard Time),Fri Nov 21 2025 14:56:55 GMT-0500 (Eastern Standard Time),1361
inconsistent_2,new,2,2,4,3,-50,50,color_static,freq,color_static,orient,4,1,3,2,0,Chrome,955086367,Fri Nov 21 2025 14:57:47 GMT-0500 (Eastern Standard Time),Fri Nov 21 2025 14:57:53 GMT-0500 (Eastern Standard Time),870
inconsistent_1,same,2,2,4,4,50,-50,color_static,freq,color_static,orient,4,1,4,2,1,Chrome,955086367,Fri Nov 21 2025 14:57:53 GMT-0500 (Eastern Standard Time),Fri Nov 21 2025 14:57:59 GMT-0500 (Eastern Standard Time),998
inconsistent_1,new,2,2,0,1,50,-50,freq,color_static,orient,color_static,1,3,2,3,0,Chrome,955086367,Fri Nov 21 2025 14:57:59 GMT-0500 (Eastern Standard Time),Fri Nov 21 2025 14:58:06 GMT-0500 (Eastern Standard Time),2336
inconsistent_1,same,0,0,3,3,50,-50,color_static,orient,color_static,orient,4,2,3,2,1,Chrome,955086367,Fri Nov 21 2025 14:58:06 GMT-0500 (Eastern Standard Time),Fri Nov 21 2025 14:58:12 GMT-0500 (Eastern Standard Time),1408
consistent,new,3,1,4,4,50,-50,color_static,freq,color_static,freq,4,1,4,1,0,Chrome,955086367,Fri Nov 21 2025 14:58:12 GMT-0500 (Eastern Standard Time),Fri Nov 21 2025 14:58:18 GMT-0500 (Eastern Standard Time),781
inconsistent_2,same_swap,2,3,3,2,-50,50,orient,color_static,freq,color_static,2,4,1,3,1,Chrome,955086367,Fri Nov 21 2025 14:58:18 GMT-0500 (Eastern Standard Time),Fri Nov 21 2025 14:58:24 GMT-0500 (Eastern Standard Time),1317
inconsistent_1,same_swap,0,1,1,0,-50,50,freq,color_static,freq,color_static,1,4,1,3,1,Chrome,955086367,Fri Nov 21 2025 14:58:24 GMT-0500 (Eastern Standard Time),Fri Nov 21 2025 14:58:30 GMT-0500 (Eastern Standard Time),1360
inconsistent_1,new,3,2,4,4,50,-50,color_static,freq,color_static,freq,4,1,3,1,0,Chrome,955086367,Fri Nov 21 2025 14:58:30 GMT-0500 (Eastern Standard Time),Fri Nov 21 2025 14:58:36 GMT-0500 (Eastern Standard Time),1011
consistent,same,2,2,3,3,-50,50,color_static,freq,color_static,freq,3,1,3,1,1,Chrome,955086367,Fri Nov 21 2025 14:58:36 GMT-0500 (Eastern Standard Time),Fri Nov 21 2025 14:58:42 GMT-0500 (Eastern Standard Time),1035
consistent,same,3,3,0,0,50,-50,freq,color_static,freq,color_static,1,4,1,4,1,Chrome,955086367,Fri Nov 21 2025 14:58:42 GMT-0500 (Eastern Standard Time),Fri Nov 21 2025 14:58:47 GMT-0500 (Eastern Standard Time),811
inconsistent_1,new,3,4,0,0,-50,50,orient,color_static,orient,color_static,2,3,2,4,0,Chrome,955086367,Fri Nov 21 2025 14:58:47 GMT-0500 (Eastern Standard Time),Fri Nov 21 2025 14:58:53 GMT-0500 (Eastern Standard Time),837
inconsistent_1,same_swap,1,2,2,1,50,-50,freq,color_static,orient,color_static,1,4,2,4,1,Chrome,955086367,Fri Nov 21 2025 14:58:53 GMT-0500 (Eastern Standard Time),Fri Nov 21 2025 14:58:59 GMT-0500 (Eastern Standard Time),856
inconsistent_1,same_swap,1,3,3,1,-50,50,color_static,orient,color_static,orient,4,2,3,2,1,Chrome,955086367,Fri Nov 21 2025 14:58:59 GMT-0500 (Eastern Standard Time),Fri Nov 21 2025 14:59:05 GMT-0500 (Eastern Standard Time),1670
inconsistent_2,same,2,2,4,4,50,-50,freq,color_static,orient,color_static,1,4,2,3,1,Chrome,955086367,Fri Nov 21 2025 14:59:05 GMT-0500 (Eastern Standard Time),Fri Nov 21 2025 14:59:11 GMT-0500 (Eastern Standard Time),1043
inconsistent_2,same_swap,4,2,2,4,50,-50,color_static,freq,color_static,orient,3,1,4,2,1,Chrome,955086367,Fri Nov 21 2025 14:59:11 GMT-0500 (Eastern Standard Time),Fri Nov 21 2025 14:59:18 GMT-0500 (Eastern Standard Time),1774
inconsistent_1,new,3,3,2,0,-50,50,color_static,orient,color_static,freq,4,2,4,1,0,Chrome,955086367,Fri Nov 21 2025 14:59:18 GMT-0500 (Eastern Standard Time),Fri Nov 21 2025 14:59:24 GMT-0500 (Eastern Standard Time),1213
inconsistent_2,same,4,4,0,0,50,-50,color_static,orient,color_static,freq,3,2,4,1,1,Chrome,955086367,Fri Nov 21 2025 14:59:24 GMT-0500 (Eastern Standard Time),Fri Nov 21 2025 14:59:30 GMT-0500 (Eastern Standard Time),907
inconsistent_1,new,0,0,4,2,-50,50,color_static,freq,color_static,freq,3,1,4,1,1,Chrome,955086367,Fri Nov 21 2025 14:59:30 GMT-0500 (Eastern Standard Time),Fri Nov 21 2025 14:59:36 GMT-0500 (Eastern Standard Time),1087
inconsistent_1,same_swap,1,4,4,1,50,-50,freq,color_static,freq,color_static,1,4,1,3,1,Chrome,955086367,Fri Nov 21 2025 15:00:44 GMT-0500 (Eastern Standard Time),Fri Nov 21 2025 15:00:50 GMT-0500 (Eastern Standard Time),1651
inconsistent_2,new,2,2,4,3,50,-50,color_static,orient,color_static,freq,3,2,4,1,0,Chrome,955086367,Fri Nov 21 2025 15:00:50 GMT-0500 (Eastern Standard Time),Fri Nov 21 2025 15:00:56 GMT-0500 (Eastern Standard Time),897
inconsistent_1,same,2,2,3,3,-50,50,freq,color_static,freq,color_static,1,3,1,4,1,Chrome,955086367,Fri Nov 21 2025 15:00:56 GMT-0500 (Eastern Standard Time),Fri Nov 21 2025 15:01:02 GMT-0500 (Eastern Standard Time),1405
inconsistent_1,new,4,4,1,0,-50,50,color_static,freq,color_static,orient,4,1,4,2,0,Chrome,955086367,Fri Nov 21 2025 15:01:02 GMT-0500 (Eastern Standard Time),Fri Nov 21 2025 15:01:08 GMT-0500 (Eastern Standard Time),961
consistent,new,0,1,4,4,50,-50,color_static,freq,color_static,freq,4,1,4,1,0,Chrome,955086367,Fri Nov 21 2025 15:01:08 GMT-0500 (Eastern Standard Time),Fri Nov 21 2025 15:01:14 GMT-0500 (Eastern Standard Time),1574
inconsistent_1,same,1,1,4,4,-50,50,color_static,freq,color_static,orient,3,1,3,2,1,Chrome,955086367,Fri Nov 21 2025 15:01:14 GMT-0500 (Eastern Standard Time),Fri Nov 21 2025 15:01:20 GMT-0500 (Eastern Standard Time),829
inconsistent_1,same,2,2,3,3,50,-50,orient,color_static,orient,color_static,2,4,2,3,1,Chrome,955086367,Fri Nov 21 2025 15:01:20 GMT-0500 (Eastern Standard Time),Fri Nov 21 2025 15:01:26 GMT-0500 (Eastern Standard Time),1117
inconsistent_1,same,3,3,1,1,50,-50,orient,color_static,orient,color_static,2,3,2,4,1,Chrome,955086367,Fri Nov 21 2025 15:01:26 GMT-0500 (Eastern Standard Time),Fri Nov 21 2025 15:01:32 GMT-0500 (Eastern Standard Time),1267
consistent,same_swap,1,2,2,1,-50,50,orient,color_static,orient,color_static,2,4,2,4,1,Chrome,955086367,Fri Nov 21 2025 15:01:32 GMT-0500 (Eastern Standard Time),Fri Nov 21 2025 15:01:37 GMT-0500 (Eastern Standard Time),797
consistent,same_swap,1,4,4,1,-50,50,color_static,freq,color_static,freq,3,1,3,1,1,Chrome,955086367,Fri Nov 21 2025 15:01:37 GMT-0500 (Eastern Standard Time),Fri Nov 21 2025 15:01:43 GMT-0500 (Eastern Standard Time),1094
inconsistent_1,new,2,0,3,3,50,-50,freq,color_static,freq,color_static,1,3,1,4,0,Chrome,955086367,Fri Nov 21 2025 15:01:43 GMT-0500 (Eastern Standard Time),Fri Nov 21 2025 15:01:49 GMT-0500 (Eastern Standard Time),865
inconsistent_1,new,1,4,0,0,-50,50,color_static,freq,color_static,orient,3,1,3,2,0,Chrome,955086367,Fri Nov 21 2025 15:01:49 GMT-0500 (Eastern Standard Time),Fri Nov 21 2025 15:01:54 GMT-0500 (Eastern Standard Time),835
consistent,same_swap,1,0,0,1,-50,50,freq,color_static,freq,color_static,1,4,1,4,0,Chrome,955086367,Fri Nov 21 2025 15:01:54 GMT-0500 (Eastern Standard Time),Fri Nov 21 2025 15:02:00 GMT-0500 (Eastern Standard Time),853
inconsistent_2,new,4,0,2,2,-50,50,color_static,freq,color_static,orient,4,1,3,2,0,Chrome,955086367,Fri Nov 21 2025 15:02:00 GMT-0500 (Eastern Standard Time),Fri Nov 21 2025 15:02:05 GMT-0500 (Eastern Standard Time),789
inconsistent_2,same,3,3,2,2,50,-50,orient,color_static,freq,color_static,2,4,1,3,1,Chrome,955086367,Fri Nov 21 2025 15:02:05 GMT-0500 (Eastern Standard Time),Fri Nov 21 2025 15:02:11 GMT-0500 (Eastern Standard Time),1439
consistent,new,1,1,2,0,-50,50,color_static,orient,color_static,orient,4,2,4,2,0,Chrome,955086367,Fri Nov 21 2025 15:02:27 GMT-0500 (Eastern Standard Time),Fri Nov 21 2025 15:02:33 GMT-0500 (Eastern Standard Time),1025
inconsistent_1,same,3,3,4,4,50,-50,orient,color_static,orient,color_static,2,3,2,4,0,Chrome,955086367,Fri Nov 21 2025 15:02:33 GMT-0500 (Eastern Standard Time),Fri Nov 21 2025 15:02:39 GMT-0500 (Eastern Standard Time),895
consistent,new,0,4,3,3,-50,50,freq,color_static,freq,color_static,1,4,1,4,0,Chrome,955086367,Fri Nov 21 2025 15:02:39 GMT-0500 (Eastern Standard Time),Fri Nov 21 2025 15:02:45 GMT-0500 (Eastern Standard Time),1391
consistent,same_swap,4,2,2,4,-50,50,freq,color_static,freq,color_static,1,3,1,3,1,Chrome,955086367,Fri Nov 21 2025 15:02:45 GMT-0500 (Eastern Standard Time),Fri Nov 21 2025 15:02:51 GMT-0500 (Eastern Standard Time),1081
inconsistent_2,new,2,2,4,3,-50,50,orient,color_static,freq,color_static,2,3,1,4,0,Chrome,955086367,Fri Nov 21 2025 15:03:01 GMT-0500 (Eastern Standard Time),Fri Nov 21 2025 15:03:07 GMT-0500 (Eastern Standard Time),1979
inconsistent_1,same,3,3,0,0,50,-50,orient,color_static,orient,color_static,2,4,2,3,1,Chrome,955086367,Fri Nov 21 2025 15:03:08 GMT-0500 (Eastern Standard Time),Fri Nov 21 2025 15:03:14 GMT-0500 (Eastern Standard Time),1151
inconsistent_2,new,0,4,3,3,50,-50,orient,color_static,freq,color_static,2,3,1,4,0,Chrome,955086367,Fri Nov 21 2025 15:03:14 GMT-0500 (Eastern Standard Time),Fri Nov 21 2025 15:03:20 GMT-0500 (Eastern Standard Time),815
consistent,new,4,4,3,1,50,-50,orient,color_static,orient,color_static,2,3,2,3,0,Chrome,955086367,Fri Nov 21 2025 15:03:20 GMT-0500 (Eastern Standard Time),Fri Nov 21 2025 15:03:26 GMT-0500 (Eastern Standard Time),1407
inconsistent_2,new,0,3,1,1,50,-50,freq,color_static,orient,color_static,1,4,2,3,0,Chrome,955086367,Fri Nov 21 2025 15:03:26 GMT-0500 (Eastern Standard Time),Fri Nov 21 2025 15:03:32 GMT-0500 (Eastern Standard Time),1003
consistent,same_swap,2,1,1,2,50,-50,orient,color_static,orient,color_static,2,3,2,3,1,Chrome,955086367,Fri Nov 21 2025 15:03:32 GMT-0500 (Eastern Standard Time),Fri Nov 21 2025 15:03:37 GMT-0500 (Eastern Standard Time),1111
inconsistent_1,same_swap,4,1,1,4,50,-50,orient,color_static,orient,color_static,2,4,2,3,0,Chrome,955086367,Fri Nov 21 2025 15:03:38 GMT-0500 (Eastern Standard Time),Fri Nov 21 2025 15:03:43 GMT-0500 (Eastern Standard Time),1100
consistent,new,1,1,4,0,-50,50,color_static,orient,color_static,orient,4,2,4,2,0,Chrome,955086367,Fri Nov 21 2025 15:03:43 GMT-0500 (Eastern Standard Time),Fri Nov 21 2025 15:03:49 GMT-0500 (Eastern Standard Time),1030
inconsistent_2,new,0,1,3,3,-50,50,color_static,freq,color_static,orient,3,1,4,2,0,Chrome,955086367,Fri Nov 21 2025 15:03:49 GMT-0500 (Eastern Standard Time),Fri Nov 21 2025 15:03:54 GMT-0500 (Eastern Standard Time),879
inconsistent_2,same,0,0,2,2,50,-50,color_static,orient,color_static,freq,4,2,3,1,1,Chrome,955086367,Fri Nov 21 2025 15:03:55 GMT-0500 (Eastern Standard Time),Fri Nov 21 2025 15:04:00 GMT-0500 (Eastern Standard Time),1099
inconsistent_2,new,2,0,3,3,-50,50,color_static,orient,color_static,freq,4,2,3,1,0,Chrome,955086367,Fri Nov 21 2025 15:04:00 GMT-0500 (Eastern Standard Time),Fri Nov 21 2025 15:04:06 GMT-0500 (Eastern Standard Time),1261
inconsistent_1,new,2,1,0,0,50,-50,color_static,orient,color_static,orient,4,2,3,2,0,Chrome,955086367,Fri Nov 21 2025 15:04:06 GMT-0500 (Eastern Standard Time),Fri Nov 21 2025 15:04:12 GMT-0500 (Eastern Standard Time),1017
inconsistent_1,same_swap,0,3,3,0,50,-50,color_static,orient,color_static,orient,3,2,4,2,1,Chrome,955086367,Fri Nov 21 2025 15:04:12 GMT-0500 (Eastern Standard Time),Fri Nov 21 2025 15:04:18 GMT-0500 (Eastern Standard Time),984
consistent,new,3,1,2,2,-50,50,orient,color_static,orient,color_static,2,3,2,3,0,Chrome,955086367,Fri Nov 21 2025 15:04:18 GMT-0500 (Eastern Standard Time),Fri Nov 21 2025 15:04:23 GMT-0500 (Eastern Standard Time),1144
consistent,new,1,1,2,4,-50,50,orient,color_static,orient,color_static,2,3,2,3,0,Chrome,955086367,Fri Nov 21 2025 15:04:23 GMT-0500 (Eastern Standard Time),Fri Nov 21 2025 15:04:29 GMT-0500 (Eastern Standard Time),737
inconsistent_1,new,2,0,4,4,-50,50,freq,color_static,freq,color_static,1,3,1,4,0,Chrome,955086367,Fri Nov 21 2025 15:04:29 GMT-0500 (Eastern Standard Time),Fri Nov 21 2025 15:04:34 GMT-0500 (Eastern Standard Time),676
inconsistent_2,new,4,0,2,2,50,-50,orient,color_static,freq,color_static,2,4,1,3,0,Chrome,955086367,Fri Nov 21 2025 15:04:34 GMT-0500 (Eastern Standard Time),Fri Nov 21 2025 15:04:40 GMT-0500 (Eastern Standard Time),1262
inconsistent_1,same,3,3,4,4,-50,50,freq,color_static,orient,color_static,1,4,2,4,1,Chrome,955086367,Fri Nov 21 2025 15:04:40 GMT-0500 (Eastern Standard Time),Fri Nov 21 2025 15:04:46 GMT-0500 (Eastern Standard Time),1566
inconsistent_1,new,0,3,1,1,50,-50,color_static,orient,color_static,freq,3,2,3,1,0,Chrome,955086367,Fri Nov 21 2025 15:04:47 GMT-0500 (Eastern Standard Time),Fri Nov 21 2025 15:04:52 GMT-0500 (Eastern Standard Time),840
consistent,same_swap,4,2,2,4,-50,50,color_static,freq,color_static,freq,4,1,4,1,1,Chrome,955086367,Fri Nov 21 2025 15:04:53 GMT-0500 (Eastern Standard Time),Fri Nov 21 2025 15:04:59 GMT-0500 (Eastern Standard Time),1475
inconsistent_2,new,3,3,1,0,50,-50,freq,color_static,orient,color_static,1,3,2,4,0,Chrome,955086367,Fri Nov 21 2025 15:06:21 GMT-0500 (Eastern Standard Time),Fri Nov 21 2025 15:06:27 GMT-0500 (Eastern Standard Time),1415
consistent,new,3,4,1,1,-50,50,color_static,freq,color_static,freq,3,1,3,1,0,Chrome,955086367,Fri Nov 21 2025 15:06:28 GMT-0500 (Eastern Standard Time),Fri Nov 21 2025 15:06:33 GMT-0500 (Eastern Standard Time),1091
inconsistent_2,same_swap,0,1,1,0,50,-50,freq,color_static,orient,color_static,1,3,2,4,0,Chrome,955086367,Fri Nov 21 2025 15:06:34 GMT-0500 (Eastern Standard Time),Fri Nov 21 2025 15:06:39 GMT-0500 (Eastern Standard Time),1043
inconsistent_1,new,0,0,2,4,50,-50,orient,color_static,freq,color_static,2,4,1,4,0,Chrome,955086367,Fri Nov 21 2025 15:06:48 GMT-0500 (Eastern Standard Time),Fri Nov 21 2025 15:06:54 GMT-0500 (Eastern Standard Time),2418
inconsistent_1,new,4,4,1,2,-50,50,orient,color_static,freq,color_static,2,3,1,3,0,Chrome,955086367,Fri Nov 21 2025 15:06:55 GMT-0500 (Eastern Standard Time),Fri Nov 21 2025 15:07:00 GMT-0500 (Eastern Standard Time),460
inconsistent_1,new,2,2,1,0,50,-50,freq,color_static,orient,color_static,1,4,2,4,0,Chrome,955086367,Fri Nov 21 2025 15:07:00 GMT-0500 (Eastern Standard Time),Fri Nov 21 2025 15:07:05 GMT-0500 (Eastern Standard Time),793
inconsistent_2,new,0,0,3,1,-50,50,freq,color_static,orient,color_static,1,3,2,4,0,Chrome,955086367,Fri Nov 21 2025 15:07:06 GMT-0500 (Eastern Standard Time),Fri Nov 21 2025 15:07:11 GMT-0500 (Eastern Standard Time),970
inconsistent_1,new,4,3,0,0,-50,50,color_static,orient,color_static,freq,4,2,4,1,0,Chrome,955086367,Fri Nov 21 2025 15:07:11 GMT-0500 (Eastern Standard Time),Fri Nov 21 2025 15:07:17 GMT-0500 (Eastern Standard Time),1011
inconsistent_1,same,4,4,2,2,50,-50,color_static,orient,color_static,freq,4,2,4,1,1,Chrome,955086367,Fri Nov 21 2025 15:07:17 GMT-0500 (Eastern Standard Time),Fri Nov 21 2025 15:07:23 GMT-0500 (Eastern Standard Time),1275
consistent,new,1,4,0,0,50,-50,color_static,freq,color_static,freq,3,1,3,1,1,Chrome,955086367,Fri Nov 21 2025 15:07:23 GMT-0500 (Eastern Standard Time),Fri Nov 21 2025 15:07:28 GMT-0500 (Eastern Standard Time),224
inconsistent_1,same_swap,3,1,1,3,-50,50,color_static,freq,color_static,orient,3,1,3,2,0,Chrome,955086367,Fri Nov 21 2025 15:07:28 GMT-0500 (Eastern Standard Time),Fri Nov 21 2025 15:07:33 GMT-0500 (Eastern Standard Time),266
inconsistent_1,same,0,0,3,3,50,-50,freq,color_static,orient,color_static,1,4,2,4,0,Chrome,955086367,Fri Nov 21 2025 15:07:33 GMT-0500 (Eastern Standard Time),Fri Nov 21 2025 15:07:38 GMT-0500 (Eastern Standard Time),220
inconsistent_1,new,2,4,1,1,-50,50,orient,color_static,orient,color_static,2,3,2,4,0,Chrome,955086367,Fri Nov 21 2025 15:07:38 GMT-0500 (Eastern Standard Time),Fri Nov 21 2025 15:07:43 GMT-0500 (Eastern Standard Time),202
inconsistent_1,new,4,4,1,2,-50,50,freq,color_static,freq,color_static,1,4,1,3,0,Chrome,955086367,Fri Nov 21 2025 15:07:43 GMT-0500 (Eastern Standard Time),Fri Nov 21 2025 15:07:48 GMT-0500 (Eastern Standard Time),121
inconsistent_2,same,0,0,2,2,50,-50,freq,color_static,orient,color_static,1,3,2,4,0,Chrome,955086367,Fri Nov 21 2025 15:07:48 GMT-0500 (Eastern Standard Time),Fri Nov 21 2025 15:07:53 GMT-0500 (Eastern Standard Time),332
inconsistent_2,new,1,3,2,2,-50,50,color_static,orient,color_static,freq,4,2,3,1,0,Chrome,955086367,Fri Nov 21 2025 15:07:53 GMT-0500 (Eastern Standard Time),Fri Nov 21 2025 15:07:57 GMT-0500 (Eastern Standard Time),321
inconsistent_1,new,0,0,3,1,-50,50,color_static,freq,color_static,freq,3,1,4,1,0,Chrome,955086367,Fri Nov 21 2025 15:08:23 GMT-0500 (Eastern Standard Time),Fri Nov 21 2025 15:08:28 GMT-0500 (Eastern Standard Time),435
inconsistent_1,new,0,0,1,3,50,-50,color_static,orient,color_static,orient,3,2,4,2,0,Chrome,955086367,Fri Nov 21 2025 15:08:28 GMT-0500 (Eastern Standard Time),Fri Nov 21 2025 15:08:33 GMT-0500 (Eastern Standard Time),167
inconsistent_1,new,3,3,1,4,-50,50,orient,color_static,orient,color_static,2,4,2,3,1,Chrome,955086367,Fri Nov 21 2025 15:08:33 GMT-0500 (Eastern Standard Time),Fri Nov 21 2025 15:08:38 GMT-0500 (Eastern Standard Time),660
inconsistent_1,same,2,2,3,3,50,-50,orient,color_static,freq,color_static,2,4,1,4,0,Chrome,955086367,Fri Nov 21 2025 15:08:38 GMT-0500 (Eastern Standard Time),Fri Nov 21 2025 15:08:43 GMT-0500 (Eastern Standard Time),247
consistent,new,2,2,0,1,-50,50,freq,color_static,freq,color_static,1,3,1,3,1,Chrome,955086367,Fri Nov 21 2025 15:08:43 GMT-0500 (Eastern Standard Time),Fri Nov 21 2025 15:08:49 GMT-0500 (Eastern Standard Time),1666
inconsistent_2,same,3,3,4,4,50,-50,color_static,freq,color_static,orient,4,1,3,2,0,Chrome,955086367,Fri Nov 21 2025 15:08:50 GMT-0500 (Eastern Standard Time),Fri Nov 21 2025 15:08:55 GMT-0500 (Eastern Standard Time),232
inconsistent_1,same,0,0,1,1,50,-50,orient,color_static,freq,color_static,2,4,1,4,1,Chrome,955086367,Fri Nov 21 2025 15:08:56 GMT-0500 (Eastern Standard Time),Fri Nov 21 2025 15:09:02 GMT-0500 (Eastern Standard Time),2216
inconsistent_1,new,1,0,4,4,-50,50,orient,color_static,freq,color_static,2,3,1,3,0,Chrome,955086367,Fri Nov 21 2025 15:09:07 GMT-0500 (Eastern Standard Time),Fri Nov 21 2025 15:09:12 GMT-0500 (Eastern Standard Time),681
inconsistent_1,same_swap,3,2,2,3,-50,50,orient,color_static,freq,color_static,2,4,1,4,0,Chrome,955086367,Fri Nov 21 2025 15:09:13 GMT-0500 (Eastern Standard Time),Fri Nov 21 2025 15:09:19 GMT-0500 (Eastern Standard Time),1562
consistent,same_swap,3,0,0,3,-50,50,orient,color_static,orient,color_static,2,3,2,3,0,Chrome,955086367,Fri Nov 21 2025 15:09:19 GMT-0500 (Eastern Standard Time),Fri Nov 21 2025 15:09:24 GMT-0500 (Eastern Standard Time),123
consistent,new,4,4,1,0,-50,50,color_static,freq,color_static,freq,4,1,4,1,1,Chrome,955086367,Fri Nov 21 2025 15:09:24 GMT-0500 (Eastern Standard Time),Fri Nov 21 2025 15:09:29 GMT-0500 (Eastern Standard Time),618
inconsistent_1,same_swap,4,3,3,4,50,-50,orient,color_static,orient,color_static,2,3,2,4,1,Chrome,955086367,Fri Nov 21 2025 15:09:30 GMT-0500 (Eastern Standard Time),Fri Nov 21 2025 15:09:34 GMT-0500 (Eastern Standard Time),136
inconsistent_2,same,3,3,0,0,50,-50,color_static,orient,color_static,freq,3,2,4,1,1,Chrome,955086367,Fri Nov 21 2025 15:09:35 GMT-0500 (Eastern Standard Time),Fri Nov 21 2025 15:09:40 GMT-0500 (Eastern Standard Time),358
inconsistent_1,new,1,1,3,2,50,-50,freq,color_static,freq,color_static,1,3,1,4,1,Chrome,955086367,Fri Nov 21 2025 15:09:40 GMT-0500 (Eastern Standard Time),Fri Nov 21 2025 15:09:45 GMT-0500 (Eastern Standard Time),326
inconsistent_1,new,2,1,3,3,50,-50,color_static,freq,color_static,orient,4,1,4,2,0,Chrome,955086367,Fri Nov 21 2025 15:09:45 GMT-0500 (Eastern Standard Time),Fri Nov 21 2025 15:09:50 GMT-0500 (Eastern Standard Time),358
inconsistent_2,new,3,1,4,4,50,-50,freq,color_static,orient,color_static,1,3,2,4,0,Chrome,955086367,Fri Nov 21 2025 15:09:50 GMT-0500 (Eastern Standard Time),Fri Nov 21 2025 15:09:56 GMT-0500 (Eastern Standard Time),1973
inconsistent_1,new,0,4,1,1,50,-50,freq,color_static,orient,color_static,1,4,2,4,0,Chrome,955086367,Fri Nov 21 2025 15:09:57 GMT-0500 (Eastern Standard Time),Fri Nov 21 2025 15:10:01 GMT-0500 (Eastern Standard Time),179
consistent,same,4,4,0,0,-50,50,freq,color_static,freq,color_static,1,4,1,4,0,Chrome,955086367,Fri Nov 21 2025 15:10:01 GMT-0500 (Eastern Standard Time),Fri Nov 21 2025 15:10:06 GMT-0500 (Eastern Standard Time),252
inconsistent_2,new,2,2,4,0,-50,50,orient,color_static,freq,color_static,2,3,1,4,0,Chrome,955086367,Fri Nov 21 2025 15:10:06 GMT-0500 (Eastern Standard Time),Fri Nov 21 2025 15:10:13 GMT-0500 (Eastern Standard Time),1892
consistent,same,1,1,0,0,-50,50,color_static,freq,color_static,freq,3,1,3,1,0,Chrome,955086367,Fri Nov 21 2025 15:10:13 GMT-0500 (Eastern Standard Time),Fri Nov 21 2025 15:10:18 GMT-0500 (Eastern Standard Time),311
inconsistent_2,same_swap,2,4,4,2,50,-50,orient,color_static,freq,color_static,2,3,1,4,0,Chrome,955086367,Fri Nov 21 2025 15:10:18 GMT-0500 (Eastern Standard Time),Fri Nov 21 2025 15:10:25 GMT-0500 (Eastern Standard Time),2272
inconsistent_2,same,4,4,0,0,50,-50,color_static,freq,color_static,orient,3,1,4,2,1,Chrome,955086367,Fri Nov 21 2025 15:10:25 GMT-0500 (Eastern Standard Time),Fri Nov 21 2025 15:10:32 GMT-0500 (Eastern Standard Time),2993
inconsistent_1,new,1,0,4,4,50,-50,orient,color_static,freq,color_static,2,4,1,4,0,Chrome,955086367,Fri Nov 21 2025 15:10:34 GMT-0500 (Eastern Standard Time),Fri Nov 21 2025 15:10:39 GMT-0500 (Eastern Standard Time),216
inconsistent_1,new,1,1,3,2,-50,50,color_static,orient,color_static,orient,3,2,4,2,0,Chrome,955086367,Fri Nov 21 2025 15:10:39 GMT-0500 (Eastern Standard Time),Fri Nov 21 2025 15:10:44 GMT-0500 (Eastern Standard Time),264
consistent,same,3,3,4,4,-50,50,color_static,freq,color_static,freq,4,1,4,1,0,Chrome,955086367,Fri Nov 21 2025 15:10:44 GMT-0500 (Eastern Standard Time),Fri Nov 21 2025 15:10:49 GMT-0500 (Eastern Standard Time),214
inconsistent_1,same,1,1,3,3,50,-50,color_static,freq,color_static,freq,3,1,4,1,0,Chrome,955086367,Fri Nov 21 2025 15:10:49 GMT-0500 (Eastern Standard Time),Fri Nov 21 2025 15:10:58 GMT-0500 (Eastern Standard Time),4709
inconsistent_1,new,2,4,0,0,-50,50,freq,color_static,freq,color_static,1,4,1,3,0,Chrome,955086367,Fri Nov 21 2025 15:10:59 GMT-0500 (Eastern Standard Time),Fri Nov 21 2025 15:11:04 GMT-0500 (Eastern Standard Time),684
inconsistent_1,same_swap,1,0,0,1,50,-50,freq,color_static,freq,color_static,1,3,1,4,0,Chrome,955086367,Fri Nov 21 2025 15:11:05 GMT-0500 (Eastern Standard Time),Fri Nov 21 2025 15:11:10 GMT-0500 (Eastern Standard Time),257
inconsistent_1,new,3,3,0,2,50,-50,color_static,freq,color_static,freq,4,1,3,1,0,Chrome,955086367,Fri Nov 21 2025 15:11:10 GMT-0500 (Eastern Standard Time),Fri Nov 21 2025 15:11:15 GMT-0500 (Eastern Standard Time),588
inconsistent_1,same_swap,2,0,0,2,50,-50,freq,color_static,freq,color_static,1,3,1,4,0,Chrome,955086367,Fri Nov 21 2025 15:11:15 GMT-0500 (Eastern Standard Time),Fri Nov 21 2025 15:11:20 GMT-0500 (Eastern Standard Time),862
consistent,new,2,2,3,4,-50,50,freq,color_static,freq,color_static,1,4,1,4,0,Chrome,955086367,Fri Nov 21 2025 15:11:21 GMT-0500 (Eastern Standard Time),Fri Nov 21 2025 15:11:25 GMT-0500 (Eastern Standard Time),159
inconsistent_2,same,0,0,1,1,-50,50,color_static,freq,color_static,orient,3,1,4,2,0,Chrome,955086367,Fri Nov 21 2025 15:11:25 GMT-0500 (Eastern Standard Time),Fri Nov 21 2025 15:11:30 GMT-0500 (Eastern Standard Time),145
inconsistent_2,new,0,1,4,4,50,-50,color_static,freq,color_static,orient,3,1,4,2,0,Chrome,955086367,Fri Nov 21 2025 15:11:30 GMT-0500 (Eastern Standard Time),Fri Nov 21 2025 15:11:36 GMT-0500 (Eastern Standard Time),888
inconsistent_1,new,3,0,1,1,50,-50,color_static,freq,color_static,freq,4,1,3,1,0,Chrome,955086367,Fri Nov 21 2025 15:11:36 GMT-0500 (Eastern Standard Time),Fri Nov 21 2025 15:11:41 GMT-0500 (Eastern Standard Time),1164
inconsistent_2,same_swap,1,0,0,1,-50,50,color_static,freq,color_static,orient,3,1,4,2,1,Chrome,955086367,Fri Nov 21 2025 15:11:41 GMT-0500 (Eastern Standard Time),Fri Nov 21 2025 15:11:47 GMT-0500 (Eastern Standard Time),1509
consistent,new,2,0,4,4,-50,50,orient,color_static,orient,color_static,2,4,2,4,1,Chrome,955086367,Fri Nov 21 2025 15:11:47 GMT-0500 (Eastern Standard Time),Fri Nov 21 2025 15:11:54 GMT-0500 (Eastern Standard Time),1713
inconsistent_1,new,3,3,0,4,50,-50,freq,color_static,freq,color_static,1,3,1,4,0,Chrome,955086367,Fri Nov 21 2025 15:11:54 GMT-0500 (Eastern Standard Time),Fri Nov 21 2025 15:11:58 GMT-0500 (Eastern Standard Time),141
consistent,same_swap,4,0,0,4,50,-50,color_static,orient,color_static,orient,3,2,3,2,1,Chrome,955086367,Fri Nov 21 2025 15:11:58 GMT-0500 (Eastern Standard Time),Fri Nov 21 2025 15:12:05 GMT-0500 (Eastern Standard Time),1796
inconsistent_2,new,4,4,0,3,-50,50,color_static,freq,color_static,orient,4,1,3,2,0,Chrome,955086367,Fri Nov 21 2025 15:12:05 GMT-0500 (Eastern Standard Time),Fri Nov 21 2025 15:12:11 GMT-0500 (Eastern Standard Time),1510
inconsistent_2,new,1,1,3,2,50,-50,color_static,orient,color_static,freq,4,2,3,1,1,Chrome,955086367,Fri Nov 21 2025 15:12:11 GMT-0500 (Eastern Standard Time),Fri Nov 21 2025 15:12:16 GMT-0500 (Eastern Standard Time),383
consistent,new,0,0,2,3,50,-50,orient,color_static,orient,color_static,2,4,2,4,0,Chrome,955086367,Fri Nov 21 2025 15:12:16 GMT-0500 (Eastern Standard Time),Fri Nov 21 2025 15:12:22 GMT-0500 (Eastern Standard Time),1243
inconsistent_1,same,1,1,3,3,-50,50,color_static,orient,color_static,orient,4,2,3,2,0,Chrome,955086367,Fri Nov 21 2025 15:12:22 GMT-0500 (Eastern Standard Time),Fri Nov 21 2025 15:12:28 GMT-0500 (Eastern Standard Time),969
inconsistent_1,new,1,0,2,2,-50,50,orient,color_static,orient,color_static,2,4,2,3,1,Chrome,955086367,Fri Nov 21 2025 15:12:28 GMT-0500 (Eastern Standard Time),Fri Nov 21 2025 15:12:33 GMT-0500 (Eastern Standard Time),471
consistent,new,1,2,4,4,50,-50,color_static,orient,color_static,orient,4,2,4,2,0,Chrome,955086367,Fri Nov 21 2025 15:12:33 GMT-0500 (Eastern Standard Time),Fri Nov 21 2025 15:12:39 GMT-0500 (Eastern Standard Time),1217
inconsistent_2,new,2,2,1,4,-50,50,orient,color_static,freq,color_static,2,4,1,3,0,Chrome,955086367,Fri Nov 21 2025 15:12:39 GMT-0500 (Eastern Standard Time),Fri Nov 21 2025 15:12:44 GMT-0500 (Eastern Standard Time),365
inconsistent_1,new,2,2,3,0,50,-50,color_static,freq,color_static,freq,4,1,3,1,0,Chrome,955086367,Fri Nov 21 2025 15:12:44 GMT-0500 (Eastern Standard Time),Fri Nov 21 2025 15:12:52 GMT-0500 (Eastern Standard Time),3443
consistent,new,1,1,3,0,-50,50,color_static,freq,color_static,freq,3,1,3,1,1,Chrome,955086367,Fri Nov 21 2025 15:12:58 GMT-0500 (Eastern Standard Time),Fri Nov 21 2025 15:13:02 GMT-0500 (Eastern Standard Time),200
consistent,new,1,3,2,2,50,-50,freq,color_static,freq,color_static,1,4,1,4,0,Chrome,955086367,Fri Nov 21 2025 15:13:02 GMT-0500 (Eastern Standard Time),Fri Nov 21 2025 15:13:07 GMT-0500 (Eastern Standard Time),241
inconsistent_1,new,2,1,0,0,50,-50,freq,color_static,orient,color_static,1,3,2,3,1,Chrome,955086367,Fri Nov 21 2025 15:13:07 GMT-0500 (Eastern Standard Time),Fri Nov 21 2025 15:13:12 GMT-0500 (Eastern Standard Time),176
inconsistent_1,same,0,0,4,4,50,-50,color_static,freq,color_static,orient,4,1,4,2,0,Chrome,955086367,Fri Nov 21 2025 15:13:12 GMT-0500 (Eastern Standard Time),Fri Nov 21 2025 15:13:17 GMT-0500 (Eastern Standard Time),230
inconsistent_1,new,2,0,4,4,50,-50,color_static,orient,color_static,freq,4,2,4,1,0,Chrome,955086367,Fri Nov 21 2025 15:13:17 GMT-0500 (Eastern Standard Time),Fri Nov 21 2025 15:13:22 GMT-0500 (Eastern Standard Time),504
consistent,new,1,3,4,4,-50,50,orient,color_static,orient,color_static,2,3,2,3,0,Chrome,955086367,Fri Nov 21 2025 15:13:22 GMT-0500 (Eastern Standard Time),Fri Nov 21 2025 15:13:27 GMT-0500 (Eastern Standard Time),263
inconsistent_1,same_swap,3,2,2,3,50,-50,color_static,orient,color_static,freq,4,2,4,1,0,Chrome,955086367,Fri Nov 21 2025 15:13:27 GMT-0500 (Eastern Standard Time),Fri Nov 21 2025 15:13:32 GMT-0500 (Eastern Standard Time),145
inconsistent_1,same,1,1,4,4,50,-50,freq,color_static,freq,color_static,1,4,1,3,0,Chrome,955086367,Fri Nov 21 2025 15:13:32 GMT-0500 (Eastern Standard Time),Fri Nov 21 2025 15:13:37 GMT-0500 (Eastern Standard Time),143
inconsistent_1,same_swap,3,4,4,3,50,-50,color_static,orient,color_static,freq,3,2,3,1,0,Chrome,955086367,Fri Nov 21 2025 15:13:37 GMT-0500 (Eastern Standard Time),Fri Nov 21 2025 15:13:42 GMT-0500 (Eastern Standard Time),468
inconsistent_2,same,3,3,4,4,50,-50,orient,color_static,freq,color_static,2,3,1,4,0,Chrome,955086367,Fri Nov 21 2025 15:13:48 GMT-0500 (Eastern Standard Time),Fri Nov 21 2025 15:13:53 GMT-0500 (Eastern Standard Time),275
inconsistent_2,same,0,0,2,2,50,-50,color_static,freq,color_static,orient,4,1,3,2,0,Chrome,955086367,Fri Nov 21 2025 15:13:53 GMT-0500 (Eastern Standard Time),Fri Nov 21 2025 15:13:58 GMT-0500 (Eastern Standard Time),112
inconsistent_1,new,2,2,1,0,-50,50,freq,color_static,freq,color_static,1,4,1,3,0,Chrome,955086367,Fri Nov 21 2025 15:13:58 GMT-0500 (Eastern Standard Time),Fri Nov 21 2025 15:14:03 GMT-0500 (Eastern Standard Time),44
inconsistent_2,new,3,0,4,4,-50,50,freq,color_static,orient,color_static,1,4,2,3,0,Chrome,955086367,Fri Nov 21 2025 15:14:03 GMT-0500 (Eastern Standard Time),Fri Nov 21 2025 15:14:08 GMT-0500 (Eastern Standard Time),222
inconsistent_1,same_swap,4,1,1,4,50,-50,orient,color_static,freq,color_static,2,4,1,4,0,Chrome,955086367,Fri Nov 21 2025 15:14:08 GMT-0500 (Eastern Standard Time),Fri Nov 21 2025 15:14:12 GMT-0500 (Eastern Standard Time),118